category_en,category_ja,name_ja,name_en,gender,angle,prompt_tag,prompt_full,filename
Hair Texture,髪質,ストレート,Straight Hair,f,front,straight hair,"masterpiece, detailed illustration beautiful anime style, cinematic , gentle subsurface scattering on skin, japanese, 1girl, woman, straight hair, three-quarter front view, slightly angled, looking at viewer, head and shoulders portrait, above shoulders, simple background, solo",hair_texture_straight_hair
Hair Texture,髪質,ウェーブ,Wavy Hair,f,front,wavy hair,"masterpiece, detailed illustration beautiful anime style, cinematic , gentle subsurface scattering on skin, japanese, 1girl, woman, wavy hair, three-quarter front view, slightly angled, looking at viewer, head and shoulders portrait, above shoulders, simple background, solo",hair_texture_wavy_hair
Hair Texture,髪質,巻き毛・カール,Curly Hair,f,front,curly hair,"masterpiece, detailed illustration beautiful anime style, cinematic , gentle subsurface scattering on skin,  1girl, woman, curly hair, three-quarter front view, slightly angled, looking at viewer, head and shoulders portrait, above shoulders, simple background, solo",hair_texture_curly_hair
Hair Texture,髪質,くせ毛,Frizzy Hair,f,front,frizzy hair,"masterpiece, detailed illustration beautiful anime style, cinematic , gentle subsurface scattering on skin,  1girl, woman, frizzy hair, three-quarter front view, slightly angled, looking at viewer, head and shoulders portrait, above shoulders, simple background, solo",hair_texture_frizzy_hair
Hair Texture,髪質,縮毛,Kinky Hair,m,front,kinky hair,"masterpiece, detailed illustration beautiful anime style, cinematic , gentle subsurface scattering on skin,  1boy, man, kinky hair, three-quarter front view, slightly angled, looking at viewer, head and shoulders portrait, above shoulders, simple background, solo",hair_texture_kinky_hair
Hair Texture,髪質,猫っ毛,Fine Soft Hair,f,front,fine soft hair,"masterpiece, detailed illustration beautiful anime style, cinematic , gentle subsurface scattering on skin, japanese, 1girl, woman, fine soft hair, three-quarter front view, slightly angled, looking at viewer, head and shoulders portrait, above shoulders, simple background, solo",hair_texture_fine_soft_hair
Hair Texture,髪質,剛毛・多毛,Thick Coarse Hair,m,front,thick coarse hair,"masterpiece, detailed illustration beautiful anime style, cinematic , gentle subsurface scattering on skin, japanese, 1boy, man, thick coarse hair, three-quarter front view, slightly angled, looking at viewer, head and shoulders portrait, above shoulders, simple background, solo",hair_texture_thick_coarse_hair
Hair Texture,髪質,サラサラ・ツヤ髪,Silky Glossy Hair,f,front,silky glossy hair,"masterpiece, detailed illustration beautiful anime style, cinematic , gentle subsurface scattering on skin, japanese, 1girl, woman, silky glossy hair, three-quarter front view, slightly angled, looking at viewer, head and shoulders portrait, above shoulders, simple background, solo",hair_texture_silky_glossy_hair
Hair Texture,髪質,ボリュームヘア,Voluminous Hair,f,front,voluminous hair,"masterpiece, detailed illustration beautiful anime style, cinematic , gentle subsurface scattering on skin, japanese, 1girl, woman, voluminous hair, three-quarter front view, slightly angled, looking at viewer, head and shoulders portrait, above shoulders, simple background, solo",hair_texture_voluminous_hair
Hair Texture,髪質,乱れ髪,Messy Hair,m,front,messy hair,"masterpiece, detailed illustration beautiful anime style, cinematic , gentle subsurface scattering on skin, japanese, 1boy, man, messy hair, three-quarter front view, slightly angled, looking at viewer, head and shoulders portrait, above shoulders, simple background, solo",hair_texture_messy_hair
Hair Texture,髪質,濡れ髪,Wet Hair,f,front,wet hair,"masterpiece, detailed illustration beautiful anime style, cinematic , gentle subsurface scattering on skin, japanese, 1girl, woman, wet hair, three-quarter front view, slightly angled, looking at viewer, head and shoulders portrait, above shoulders, simple background, solo",hair_texture_wet_hair
Hair Texture,髪質,セミストレート,Semi-Straight Hair,f,front,"semi-straight hair, slightly wavy","masterpiece, detailed illustration beautiful anime style, cinematic , gentle subsurface scattering on skin, japanese, 1girl, woman, semi-straight hair, slightly wavy, three-quarter front view, slightly angled, looking at viewer, head and shoulders portrait, above shoulders, simple background, solo",hair_texture_semi_straight_hair
Hair Texture,髪質,白髪交じり,Salt and Pepper Hair,m,front,"salt and pepper hair, greying hair","masterpiece, detailed illustration beautiful anime style, cinematic , gentle subsurface scattering on skin, japanese, 1boy, man, salt and pepper hair, greying hair, three-quarter front view, slightly angled, looking at viewer, head and shoulders portrait, above shoulders, simple background, solo",hair_texture_salt_and_pepper_hair
Hair Length,長さ,坊主・ベリーショート,Buzz Cut,m,front,buzz cut,"masterpiece, detailed illustration beautiful anime style, cinematic , gentle subsurface scattering on skin, japanese, 1boy, man, buzz cut, three-quarter front view, slightly angled, looking at viewer, head and shoulders portrait, above shoulders, simple background, solo",hair_length_buzz_cut
Hair Length,長さ,ショート,Short Hair,m,front,short hair,"masterpiece, detailed illustration beautiful anime style, cinematic , gentle subsurface scattering on skin, japanese, 1boy, man, short hair, three-quarter front view, slightly angled, looking at viewer, head and shoulders portrait, above shoulders, simple background, solo",hair_length_short_hair
Hair Length,長さ,ボブ丈,Chin-Length Hair,f,front,chin-length hair,"masterpiece, detailed illustration beautiful anime style, cinematic , gentle subsurface scattering on skin, japanese, 1girl, woman, chin-length hair, three-quarter front view, slightly angled, looking at viewer, head and shoulders portrait, above shoulders, simple background, solo",hair_length_chin_length_hair
Hair Length,長さ,ミディアム,Shoulder-Length Hair,f,front,shoulder-length hair,"masterpiece, detailed illustration beautiful anime style, cinematic , gentle subsurface scattering on skin, japanese, 1girl, woman, shoulder-length hair, three-quarter front view, slightly angled, looking at viewer, head and shoulders portrait, above shoulders, simple background, solo",hair_length_shoulder_length_hair
Hair Length,長さ,セミロング,Medium-Long Hair,f,front,medium-long hair,"masterpiece, detailed illustration beautiful anime style, cinematic , gentle subsurface scattering on skin, japanese, 1girl, woman, medium-long hair, three-quarter front view, slightly angled, looking at viewer, head and shoulders portrait, above shoulders, simple background, solo",hair_length_medium_long_hair
Hair Length,長さ,ロング,Long Hair,f,front,long hair,"masterpiece, detailed illustration beautiful anime style, cinematic , gentle subsurface scattering on skin, japanese, 1girl, woman, long hair, three-quarter front view, slightly angled, looking at viewer, full body, full figure, standing, head to toe, simple background, solo",hair_length_long_hair
Hair Length,長さ,スーパーロング,Very Long Hair,f,side,very long hair,"masterpiece, detailed illustration beautiful anime style, cinematic , gentle subsurface scattering on skin, japanese, 1girl, woman, very long hair, from side, profile view, full body, full figure, standing, head to toe, simple background, solo",hair_length_very_long_hair
Hair Length,長さ,床まで届く長さ,Floor-Length Hair,f,side,floor-length hair,"masterpiece, detailed illustration beautiful anime style, cinematic , gentle subsurface scattering on skin, japanese, 1girl, woman, floor-length hair, from side, profile view, full body, full figure, standing, head to toe, simple background, solo",hair_length_floor_length_hair
Hair Length,長さ,ミディアムショート,Medium-Short Hair,any,front,"medium-short hair, ear-length","masterpiece, detailed illustration beautiful anime style, cinematic , gentle subsurface scattering on skin, japanese, 1girl, woman, medium-short hair, ear-length, three-quarter front view, slightly angled, looking at viewer, head and shoulders portrait, above shoulders, simple background, solo",hair_length_medium_short_hair
Haircut,カット,ボブ,Bob Cut,f,front,bob cut,"masterpiece, detailed illustration beautiful anime style, cinematic , gentle subsurface scattering on skin, japanese, 1girl, woman, bob cut, three-quarter front view, slightly angled, looking at viewer, head and shoulders portrait, above shoulders, simple background, solo",haircut_bob_cut
Haircut,カット,切りっぱなしボブ,Blunt Bob,f,front,blunt bob,"masterpiece, detailed illustration beautiful anime style, cinematic , gentle subsurface scattering on skin, japanese, 1girl, woman, blunt bob, three-quarter front view, slightly angled, looking at viewer, head and shoulders portrait, above shoulders, simple background, solo",haircut_blunt_bob
Haircut,カット,おかっぱ,Bob with Blunt Bangs,f,front,bob cut with blunt bangs,"masterpiece, detailed illustration beautiful anime style, cinematic , gentle subsurface scattering on skin, japanese, 1girl, woman, bob cut with blunt bangs, three-quarter front view, slightly angled, looking at viewer, head and shoulders portrait, above shoulders, simple background, solo",haircut_bob_with_blunt_bangs
Haircut,カット,ワンレングス,One-Length Cut,f,side,one-length blunt cut,"masterpiece, detailed illustration beautiful anime style, cinematic , gentle subsurface scattering on skin, japanese, 1girl, woman, one-length blunt cut, from side, profile view, head and shoulders portrait, above shoulders, simple background, solo",haircut_one_length_cut
Haircut,カット,レイヤーカット,Layered Hair,f,front,layered hair,"masterpiece, detailed illustration beautiful anime style, cinematic , gentle subsurface scattering on skin, japanese, 1girl, woman, layered hair, three-quarter front view, slightly angled, looking at viewer, head and shoulders portrait, above shoulders, simple background, solo",haircut_layered_hair
Haircut,カット,シャギー,Shaggy Hair,f,front,shaggy hair,"masterpiece, detailed illustration beautiful anime style, cinematic , gentle subsurface scattering on skin, japanese, 1girl, woman, shaggy hair, three-quarter front view, slightly angled, looking at viewer, head and shoulders portrait, above shoulders, simple background, solo",haircut_shaggy_hair
Haircut,カット,ウルフカット,Wolf Cut,f,front,wolf cut,"masterpiece, detailed illustration beautiful anime style, cinematic , gentle subsurface scattering on skin, japanese, 1girl, woman, wolf cut, three-quarter front view, slightly angled, looking at viewer, head and shoulders portrait, above shoulders, simple background, solo",haircut_wolf_cut
Haircut,カット,姫カット,Hime Cut,f,front,hime cut,"masterpiece, detailed illustration beautiful anime style, cinematic , gentle subsurface scattering on skin, japanese, 1girl, woman, hime cut, three-quarter front view, slightly angled, looking at viewer, head and shoulders portrait, above shoulders, simple background, solo",haircut_hime_cut
Haircut,カット,マッシュ,Bowl Cut,m,front,bowl cut,"masterpiece, detailed illustration beautiful anime style, cinematic , gentle subsurface scattering on skin, japanese, 1boy, man, bowl cut, three-quarter front view, slightly angled, looking at viewer, head and shoulders portrait, above shoulders, simple background, solo",haircut_bowl_cut
Haircut,カット,ピクシーカット,Pixie Cut,f,front,pixie cut,"masterpiece, detailed illustration beautiful anime style, cinematic , gentle subsurface scattering on skin, japanese, 1girl, woman, pixie cut, three-quarter front view, slightly angled, looking at viewer, head and shoulders portrait, above shoulders, simple background, solo",haircut_pixie_cut
Haircut,カット,ツーブロック・刈り上げ,Undercut,m,side,"undercut, shaved sides","masterpiece, detailed illustration beautiful anime style, cinematic , gentle subsurface scattering on skin, japanese, 1boy, man, undercut, shaved sides, from side, profile view, head and shoulders portrait, above shoulders, simple background, solo",haircut_undercut
Haircut,カット,フェードカット,Fade Cut,m,side,fade haircut,"masterpiece, detailed illustration beautiful anime style, cinematic , gentle subsurface scattering on skin, japanese, 1boy, man, fade haircut, from side, profile view, head and shoulders portrait, above shoulders, simple background, solo",haircut_fade_cut
Haircut,カット,クルーカット,Crew Cut,m,front,crew cut,"masterpiece, detailed illustration beautiful anime style, cinematic , gentle subsurface scattering on skin, japanese, 1boy, man, crew cut, three-quarter front view, slightly angled, looking at viewer, head and shoulders portrait, above shoulders, simple background, solo",haircut_crew_cut
Haircut,カット,モヒカン,Mohawk,m,side,mohawk,"masterpiece, detailed illustration beautiful anime style, cinematic , gentle subsurface scattering on skin, japanese, 1boy, man, mohawk, from side, profile view, head and shoulders portrait, above shoulders, simple background, solo",haircut_mohawk
Haircut,カット,前下がりボブ,A-Line Bob,f,front,"a-line bob, graduated bob, longer in front","masterpiece, detailed illustration beautiful anime style, cinematic , gentle subsurface scattering on skin, japanese, 1girl, woman, a-line bob, graduated bob, longer in front, three-quarter front view, slightly angled, looking at viewer, head and shoulders portrait, above shoulders, simple background, solo",haircut_a_line_bob
Haircut,カット,前上がりボブ,Graduated Bob,f,back,"graduated bob, stacked back, shorter nape","masterpiece, detailed illustration beautiful anime style, cinematic , gentle subsurface scattering on skin, japanese, 1girl, woman, graduated bob, stacked back, shorter nape, from behind, three-quarter rear view, facing away, back of head visible, head and shoulders portrait, above shoulders, simple background, solo",haircut_graduated_bob
Haircut,カット,マレットカット,Mullet,any,side,"mullet haircut, short top long back","masterpiece, detailed illustration beautiful anime style, cinematic , gentle subsurface scattering on skin, japanese, 1girl, woman, mullet haircut, short top long back, from side, profile view, head and shoulders portrait, above shoulders, simple background, solo",haircut_mullet
Styling,セット,センター分け,Center Part,f,front,center-parted hair,"masterpiece, detailed illustration beautiful anime style, cinematic , gentle subsurface scattering on skin, japanese, 1girl, woman, center-parted hair, three-quarter front view, slightly angled, looking at viewer, head and shoulders portrait, above shoulders, simple background, solo",styling_center_part
Styling,セット,七三分け,Side Part,m,front,side-parted hair,"masterpiece, detailed illustration beautiful anime style, cinematic , gentle subsurface scattering on skin, japanese, 1boy, man, side-parted hair, three-quarter front view, slightly angled, looking at viewer, head and shoulders portrait, above shoulders, simple background, solo",styling_side_part
Styling,セット,オールバック,Slicked Back Hair,m,front,slicked back hair,"masterpiece, detailed illustration beautiful anime style, cinematic , gentle subsurface scattering on skin, japanese, 1boy, man, slicked back hair, three-quarter front view, slightly angled, looking at viewer, head and shoulders portrait, above shoulders, simple background, solo",styling_slicked_back_hair
Styling,セット,かき上げ前髪,Swept Back Front,f,front,swept back hair,"masterpiece, detailed illustration beautiful anime style, cinematic , gentle subsurface scattering on skin, japanese, 1girl, woman, swept back hair, three-quarter front view, slightly angled, looking at viewer, head and shoulders portrait, above shoulders, simple background, solo",styling_swept_back_front
Styling,セット,外ハネ,Flipped Hair,f,front,"flipped hair, outward flip","masterpiece, detailed illustration beautiful anime style, cinematic , gentle subsurface scattering on skin, japanese, 1girl, woman, flipped hair, outward flip, three-quarter front view, slightly angled, looking at viewer, head and shoulders portrait, above shoulders, simple background, solo",styling_flipped_hair
Styling,セット,内巻き,Inward Curled Ends,f,front,inward curled bob,"masterpiece, detailed illustration beautiful anime style, cinematic , gentle subsurface scattering on skin, japanese, 1girl, woman, inward curled bob, three-quarter front view, slightly angled, looking at viewer, head and shoulders portrait, above shoulders, simple background, solo",styling_inward_curled_ends
Styling,セット,パーマ,Permed Hair,f,front,permed hair,"masterpiece, detailed illustration beautiful anime style, cinematic , gentle subsurface scattering on skin, japanese, 1girl, woman, permed hair, three-quarter front view, slightly angled, looking at viewer, head and shoulders portrait, above shoulders, simple background, solo",styling_permed_hair
Styling,セット,縦ロール,Drill Hair,f,front,"drill hair, ringlets","masterpiece, detailed illustration beautiful anime style, cinematic , gentle subsurface scattering on skin, japanese, 1girl, woman, drill hair, ringlets, three-quarter front view, slightly angled, looking at viewer, head and shoulders portrait, above shoulders, simple background, solo",styling_drill_hair
Styling,セット,ふわふわ巻き,Fluffy Curled Hair,f,front,fluffy curly hair,"masterpiece, detailed illustration beautiful anime style, cinematic , gentle subsurface scattering on skin, japanese, 1girl, woman, fluffy curly hair, three-quarter front view, slightly angled, looking at viewer, head and shoulders portrait, above shoulders, simple background, solo",styling_fluffy_curled_hair
Styling,セット,スパイキー,Spiky Hair,m,front,spiky hair,"masterpiece, detailed illustration beautiful anime style, cinematic , gentle subsurface scattering on skin, japanese, 1boy, man, spiky hair, three-quarter front view, slightly angled, looking at viewer, head and shoulders portrait, above shoulders, simple background, solo",styling_spiky_hair
Styling,セット,ポンパドール,Pompadour,m,front,pompadour hairstyle,"masterpiece, detailed illustration beautiful anime style, cinematic , gentle subsurface scattering on skin, japanese, 1boy, man, pompadour hairstyle, three-quarter front view, slightly angled, looking at viewer, head and shoulders portrait, above shoulders, simple background, solo",styling_pompadour
Styling,セット,リーゼント,Pompadour with Ducktail,m,side,pompadour with ducktail,"masterpiece, detailed illustration beautiful anime style, cinematic , gentle subsurface scattering on skin, japanese, 1boy, man, pompadour with ducktail, from side, profile view, head and shoulders portrait, above shoulders, simple background, solo",styling_pompadour_with_ducktail
Styling,セット,ウェットスタイル,Wet Look Hair,m,front,"wet look hair, slicked","masterpiece, detailed illustration beautiful anime style, cinematic , gentle subsurface scattering on skin, japanese, 1boy, man, wet look hair, slicked, three-quarter front view, slightly angled, looking at viewer, head and shoulders portrait, above shoulders, simple background, solo",styling_wet_look_hair
Styling,セット,寝癖,Bedhead,f,front,"bedhead, messy hair","masterpiece, detailed illustration beautiful anime style, cinematic , gentle subsurface scattering on skin, japanese, 1girl, woman, bedhead, messy hair, three-quarter front view, slightly angled, looking at viewer, head and shoulders portrait, above shoulders, simple background, solo",styling_bedhead
Styling,セット,ゆる巻き,Loose Curls,f,front,"loose soft curls all over, relaxed waves","masterpiece, detailed illustration beautiful anime style, cinematic , gentle subsurface scattering on skin, japanese, 1girl, woman, loose soft curls all over, relaxed waves, three-quarter front view, slightly angled, looking at viewer, head and shoulders portrait, above shoulders, simple background, solo",styling_loose_curls
Styling,セット,逆毛ボリューム,Teased Volume,f,front,"teased hair, voluminous backcombed","masterpiece, detailed illustration beautiful anime style, cinematic , gentle subsurface scattering on skin, japanese, 1girl, woman, teased hair, voluminous backcombed, three-quarter front view, slightly angled, looking at viewer, head and shoulders portrait, above shoulders, simple background, solo",styling_teased_volume
Styling,セット,ストレートアイロン,Sleek Straight,f,front,"sleek straightened hair, glossy straight","masterpiece, detailed illustration beautiful anime style, cinematic , gentle subsurface scattering on skin, japanese, 1girl, woman, sleek straightened hair, glossy straight, three-quarter front view, slightly angled, looking at viewer, head and shoulders portrait, above shoulders, simple background, solo",styling_sleek_straight
Styling,セット,三つ編みおさげ崩し,Messy Braids,f,front,"messy loose braids, undone braids","masterpiece, detailed illustration beautiful anime style, cinematic , gentle subsurface scattering on skin, japanese, 1girl, woman, messy loose braids, undone braids, three-quarter front view, slightly angled, looking at viewer, head and shoulders portrait, above shoulders, simple background, solo",styling_messy_braids
Tied Hairstyle,結い方,ポニーテール,Ponytail,f,back,ponytail,"masterpiece, detailed illustration beautiful anime style, cinematic , gentle subsurface scattering on skin, japanese, 1girl, woman, ponytail, from behind, three-quarter rear view, facing away, back of head visible, head and shoulders portrait, above shoulders, simple background, solo",tied_hairstyle_ponytail
Tied Hairstyle,結い方,ハイポニーテール,High Ponytail,f,back,high ponytail,"masterpiece, detailed illustration beautiful anime style, cinematic , gentle subsurface scattering on skin, japanese, 1girl, woman, high ponytail, from behind, three-quarter rear view, facing away, back of head visible, head and shoulders portrait, above shoulders, simple background, solo",tied_hairstyle_high_ponytail
Tied Hairstyle,結い方,ローポニーテール,Low Ponytail,f,back,low ponytail,"masterpiece, detailed illustration beautiful anime style, cinematic , gentle subsurface scattering on skin, japanese, 1girl, woman, low ponytail, from behind, three-quarter rear view, facing away, back of head visible, head and shoulders portrait, above shoulders, simple background, solo",tied_hairstyle_low_ponytail
Tied Hairstyle,結い方,サイドテール,Side Ponytail,f,front,side ponytail,"masterpiece, detailed illustration beautiful anime style, cinematic , gentle subsurface scattering on skin, japanese, 1girl, woman, side ponytail, three-quarter front view, slightly angled, looking at viewer, head and shoulders portrait, above shoulders, simple background, solo",tied_hairstyle_side_ponytail
Tied Hairstyle,結い方,ツインテール,Twintails,f,front,twintails,"masterpiece, detailed illustration beautiful anime style, cinematic , gentle subsurface scattering on skin, japanese, 1girl, woman, twintails, three-quarter front view, slightly angled, looking at viewer, head and shoulders portrait, above shoulders, simple background, solo",tied_hairstyle_twintails
Tied Hairstyle,結い方,ハーフツインテール,Half Twintails,f,front,half twintails,"masterpiece, detailed illustration beautiful anime style, cinematic , gentle subsurface scattering on skin, japanese, 1girl, woman, half twintails, three-quarter front view, slightly angled, looking at viewer, head and shoulders portrait, above shoulders, simple background, solo",tied_hairstyle_half_twintails
Tied Hairstyle,結い方,お団子,Hair Bun,f,back,hair bun,"masterpiece, detailed illustration beautiful anime style, cinematic , gentle subsurface scattering on skin, japanese, 1girl, woman, hair bun, from behind, three-quarter rear view, facing away, back of head visible, head and shoulders portrait, above shoulders, simple background, solo",tied_hairstyle_hair_bun
Tied Hairstyle,結い方,ツインお団子,Double Buns,f,back,double buns,"masterpiece, detailed illustration beautiful anime style, cinematic , gentle subsurface scattering on skin, japanese, 1girl, woman, double buns, from behind, three-quarter rear view, facing away, back of head visible, head and shoulders portrait, above shoulders, simple background, solo",tied_hairstyle_double_buns
Tied Hairstyle,結い方,シニヨン,Chignon,f,back,"chignon, low bun","masterpiece, detailed illustration beautiful anime style, cinematic , gentle subsurface scattering on skin, japanese, 1girl, woman, chignon, low bun, from behind, three-quarter rear view, facing away, back of head visible, head and shoulders portrait, above shoulders, simple background, solo",tied_hairstyle_chignon
Tied Hairstyle,結い方,夜会巻き,French Twist,f,back,french twist hair,"masterpiece, detailed illustration beautiful anime style, cinematic , gentle subsurface scattering on skin, japanese, 1girl, woman, french twist hair, from behind, three-quarter rear view, facing away, back of head visible, head and shoulders portrait, above shoulders, simple background, solo",tied_hairstyle_french_twist
Tied Hairstyle,結い方,三つ編み(一本),Single Braid,f,back,single braid,"masterpiece, detailed illustration beautiful anime style, cinematic , gentle subsurface scattering on skin, japanese, 1girl, woman, single braid, from behind, three-quarter rear view, facing away, back of head visible, head and shoulders portrait, above shoulders, simple background, solo",tied_hairstyle_single_braid
Tied Hairstyle,結い方,おさげ,Twin Braids,f,front,twin braids,"masterpiece, detailed illustration beautiful anime style, cinematic , gentle subsurface scattering on skin, japanese, 1girl, woman, twin braids, three-quarter front view, slightly angled, looking at viewer, head and shoulders portrait, above shoulders, simple background, solo",tied_hairstyle_twin_braids
Tied Hairstyle,結い方,編み込み,French Braid,f,back,french braid,"masterpiece, detailed illustration beautiful anime style, cinematic , gentle subsurface scattering on skin, japanese, 1girl, woman, french braid, from behind, three-quarter rear view, facing away, back of head visible, head and shoulders portrait, above shoulders, simple background, solo",tied_hairstyle_french_braid
Tied Hairstyle,結い方,フィッシュボーン,Fishtail Braid,f,back,fishtail braid,"masterpiece, detailed illustration beautiful anime style, cinematic , gentle subsurface scattering on skin, japanese, 1girl, woman, fishtail braid, from behind, three-quarter rear view, facing away, back of head visible, head and shoulders portrait, above shoulders, simple background, solo",tied_hairstyle_fishtail_braid
Tied Hairstyle,結い方,三つ編みカチューシャ,Crown Braid,f,front,crown braid,"masterpiece, detailed illustration beautiful anime style, cinematic , gentle subsurface scattering on skin, japanese, 1girl, woman, crown braid, three-quarter front view, slightly angled, looking at viewer, head and shoulders portrait, above shoulders, simple background, solo",tied_hairstyle_crown_braid
Tied Hairstyle,結い方,玉ねぎヘア,Bubble Ponytail,f,back,bubble ponytail,"masterpiece, detailed illustration beautiful anime style, cinematic , gentle subsurface scattering on skin, japanese, 1girl, woman, bubble ponytail, from behind, three-quarter rear view, facing away, back of head visible, head and shoulders portrait, above shoulders, simple background, solo",tied_hairstyle_bubble_ponytail
Tied Hairstyle,結い方,ハーフアップ,Half Updo,f,back,half updo,"masterpiece, detailed illustration beautiful anime style, cinematic , gentle subsurface scattering on skin, japanese, 1girl, woman, half updo, from behind, three-quarter rear view, facing away, back of head visible, head and shoulders portrait, above shoulders, simple background, solo",tied_hairstyle_half_updo
Tied Hairstyle,結い方,ドレッドヘア,Dreadlocks,m,front,dreadlocks,"masterpiece, detailed illustration beautiful anime style, cinematic , gentle subsurface scattering on skin, japanese, 1boy, man, dreadlocks, three-quarter front view, slightly angled, looking at viewer, head and shoulders portrait, above shoulders, simple background, solo",tied_hairstyle_dreadlocks
Tied Hairstyle,結い方,コーンロウ,Cornrows,m,back,cornrows,"masterpiece, detailed illustration beautiful anime style, cinematic , gentle subsurface scattering on skin, japanese, 1boy, man, cornrows, from behind, three-quarter rear view, facing away, back of head visible, head and shoulders portrait, above shoulders, simple background, solo",tied_hairstyle_cornrows
Tied Hairstyle,結い方,日本髪,Nihongami,f,back,"nihongami, traditional japanese hairstyle","masterpiece, detailed illustration beautiful anime style, cinematic , gentle subsurface scattering on skin, japanese, 1girl, woman, nihongami, traditional japanese hairstyle, from behind, three-quarter rear view, facing away, back of head visible, head and shoulders portrait, above shoulders, simple background, solo",tied_hairstyle_nihongami
Tied Hairstyle,結い方,くるりんぱ,Twist Tuck Ponytail,f,back,"twist tuck ponytail, krullinpa","masterpiece, detailed illustration beautiful anime style, cinematic , gentle subsurface scattering on skin, japanese, 1girl, woman, twist tuck ponytail, krullinpa, from behind, three-quarter rear view, facing away, back of head visible, head and shoulders portrait, above shoulders, simple background, solo",tied_hairstyle_twist_tuck_ponytail
Tied Hairstyle,結い方,ロープ編み,Rope Braid,f,back,"rope braid, twisted two-strand braid","masterpiece, detailed illustration beautiful anime style, cinematic , gentle subsurface scattering on skin, japanese, 1girl, woman, rope braid, twisted two-strand braid, from behind, three-quarter rear view, facing away, back of head visible, head and shoulders portrait, above shoulders, simple background, solo",tied_hairstyle_rope_braid
Tied Hairstyle,結い方,ギブソンタック,Gibson Tuck,f,back,"gibson tuck, rolled low updo","masterpiece, detailed illustration beautiful anime style, cinematic , gentle subsurface scattering on skin, japanese, 1girl, woman, gibson tuck, rolled low updo, from behind, three-quarter rear view, facing away, back of head visible, head and shoulders portrait, above shoulders, simple background, solo",tied_hairstyle_gibson_tuck
Tied Hairstyle,結い方,編みおろし,Braided Down Style,f,back,"braided down hairstyle, long side braid over shoulder","masterpiece, detailed illustration beautiful anime style, cinematic , gentle subsurface scattering on skin, japanese, 1girl, woman, braided down hairstyle, long side braid over shoulder, from behind, three-quarter rear view, facing away, back of head visible, head and shoulders portrait, above shoulders, simple background, solo",tied_hairstyle_braided_down_style
Tied Hairstyle,結い方,ポニーテール+編み込み,Braided Ponytail,f,back,"braided ponytail, plaited tail","masterpiece, detailed illustration beautiful anime style, cinematic , gentle subsurface scattering on skin, japanese, 1girl, woman, braided ponytail, plaited tail, from behind, three-quarter rear view, facing away, back of head visible, head and shoulders portrait, above shoulders, simple background, solo",tied_hairstyle_braided_ponytail
Tied Hairstyle,結い方,三つ編み冠+リボン,Braid with Ribbon,f,front,"braids with ribbon, ribbon tied pigtails","masterpiece, detailed illustration beautiful anime style, cinematic , gentle subsurface scattering on skin, japanese, 1girl, woman, braids with ribbon, ribbon tied pigtails, three-quarter front view, slightly angled, looking at viewer, head and shoulders portrait, above shoulders, simple background, solo",tied_hairstyle_braid_with_ribbon
Tied Hairstyle,結い方,スペースバンズ,Space Buns,f,front,"space buns, double top buns","masterpiece, detailed illustration beautiful anime style, cinematic , gentle subsurface scattering on skin, japanese, 1girl, woman, space buns, double top buns, three-quarter front view, slightly angled, looking at viewer, head and shoulders portrait, above shoulders, simple background, solo",tied_hairstyle_space_buns
Bangs,前髪,ぱっつん前髪,Blunt Bangs,f,front,blunt bangs,"masterpiece, detailed illustration beautiful anime style, cinematic , gentle subsurface scattering on skin, japanese, 1girl, woman, blunt bangs, three-quarter front view, slightly angled, looking at viewer, head and shoulders portrait, above shoulders, simple background, solo",bangs_blunt_bangs
Bangs,前髪,シースルーバング,See-Through Bangs,f,front,"see-through bangs, wispy bangs","masterpiece, detailed illustration beautiful anime style, cinematic , gentle subsurface scattering on skin, japanese, 1girl, woman, see-through bangs, wispy bangs, three-quarter front view, slightly angled, looking at viewer, head and shoulders portrait, above shoulders, simple background, solo",bangs_see_through_bangs
Bangs,前髪,斜め前髪,Side-Swept Bangs,f,front,side-swept bangs,"masterpiece, detailed illustration beautiful anime style, cinematic , gentle subsurface scattering on skin, japanese, 1girl, woman, side-swept bangs, three-quarter front view, slightly angled, looking at viewer, head and shoulders portrait, above shoulders, simple background, solo",bangs_side_swept_bangs
Bangs,前髪,センター分け前髪,Curtain Bangs,f,front,"parted bangs, curtain bangs","masterpiece, detailed illustration beautiful anime style, cinematic , gentle subsurface scattering on skin, japanese, 1girl, woman, parted bangs, curtain bangs, three-quarter front view, slightly angled, looking at viewer, head and shoulders portrait, above shoulders, simple background, solo",bangs_curtain_bangs
Bangs,前髪,オン眉,Short Bangs,f,front,short bangs above eyebrows,"masterpiece, detailed illustration beautiful anime style, cinematic , gentle subsurface scattering on skin, japanese, 1girl, woman, short bangs above eyebrows, three-quarter front view, slightly angled, looking at viewer, head and shoulders portrait, above shoulders, simple background, solo",bangs_short_bangs
Bangs,前髪,目隠れ前髪,Hair Over Eyes,f,front,hair over eyes,"masterpiece, detailed illustration beautiful anime style, cinematic , gentle subsurface scattering on skin, japanese, 1girl, woman, hair over eyes, three-quarter front view, slightly angled, looking at viewer, head and shoulders portrait, above shoulders, simple background, solo",bangs_hair_over_eyes
Bangs,前髪,片目隠れ,Hair Over One Eye,f,front,hair over one eye,"masterpiece, detailed illustration beautiful anime style, cinematic , gentle subsurface scattering on skin, japanese, 1girl, woman, hair over one eye, three-quarter front view, slightly angled, looking at viewer, head and shoulders portrait, above shoulders, simple background, solo",bangs_hair_over_one_eye
Bangs,前髪,M字バング,M-Shaped Bangs,f,front,m-shaped bangs,"masterpiece, detailed illustration beautiful anime style, cinematic , gentle subsurface scattering on skin, japanese, 1girl, woman, m-shaped bangs, three-quarter front view, slightly angled, looking at viewer, head and shoulders portrait, above shoulders, simple background, solo",bangs_m_shaped_bangs
Bangs,前髪,前髪なし,No Bangs,m,front,"no bangs, forehead exposed","masterpiece, detailed illustration beautiful anime style, cinematic , gentle subsurface scattering on skin, japanese, 1boy, man, no bangs, forehead exposed, three-quarter front view, slightly angled, looking at viewer, head and shoulders portrait, above shoulders, simple background, solo",bangs_no_bangs
Bangs,前髪,かきあげ前髪,Swept-Up Bangs,f,front,"swept up bangs, voluminous center-parted fringe","masterpiece, detailed illustration beautiful anime style, cinematic , gentle subsurface scattering on skin, japanese, 1girl, woman, swept up bangs, voluminous center-parted fringe, three-quarter front view, slightly angled, looking at viewer, head and shoulders portrait, above shoulders, simple background, solo",bangs_swept_up_bangs
Bangs,前髪,うざバング,Long See-Through Bangs,f,front,long see-through bangs covering eyebrows,"masterpiece, detailed illustration beautiful anime style, cinematic , gentle subsurface scattering on skin, japanese, 1girl, woman, long see-through bangs covering eyebrows, three-quarter front view, slightly angled, looking at viewer, head and shoulders portrait, above shoulders, simple background, solo",bangs_long_see_through_bangs
Bangs,前髪,アシメ前髪,Asymmetric Bangs,f,front,asymmetric uneven bangs,"masterpiece, detailed illustration beautiful anime style, cinematic , gentle subsurface scattering on skin, japanese, 1girl, woman, asymmetric uneven bangs, three-quarter front view, slightly angled, looking at viewer, head and shoulders portrait, above shoulders, simple background, solo",bangs_asymmetric_bangs
Bangs,前髪,ぱっつん厚め前髪,Thick Straight Bangs,f,front,thick heavy straight bangs,"masterpiece, detailed illustration beautiful anime style, cinematic , gentle subsurface scattering on skin, japanese, 1girl, woman, thick heavy straight bangs, three-quarter front view, slightly angled, looking at viewer, head and shoulders portrait, above shoulders, simple background, solo",bangs_thick_straight_bangs
Hair Parts,パーツ,もみあげ・サイドの房,Sidelocks,f,front,sidelocks,"masterpiece, detailed illustration beautiful anime style, cinematic , gentle subsurface scattering on skin, japanese, 1girl, woman, sidelocks, three-quarter front view, slightly angled, looking at viewer, head and shoulders portrait, above shoulders, simple background, solo",hair_parts_sidelocks
Hair Parts,パーツ,触覚,Face-Framing Strands,f,front,long face-framing strands,"masterpiece, detailed illustration beautiful anime style, cinematic , gentle subsurface scattering on skin, japanese, 1girl, woman, long face-framing strands, three-quarter front view, slightly angled, looking at viewer, head and shoulders portrait, above shoulders, simple background, solo",hair_parts_face_framing_strands
Hair Parts,パーツ,アホ毛,Ahoge,f,front,ahoge,"masterpiece, detailed illustration beautiful anime style, cinematic , gentle subsurface scattering on skin, japanese, 1girl, woman, ahoge, three-quarter front view, slightly angled, looking at viewer, head and shoulders portrait, above shoulders, simple background, solo",hair_parts_ahoge
Hair Parts,パーツ,後れ毛,Stray Hair,f,front,"stray hair, loose strands","masterpiece, detailed illustration beautiful anime style, cinematic , gentle subsurface scattering on skin, japanese, 1girl, woman, stray hair, loose strands, three-quarter front view, slightly angled, looking at viewer, head and shoulders portrait, above shoulders, simple background, solo",hair_parts_stray_hair
Hair Parts,パーツ,インテークヘア,Hair Intakes,f,front,hair intakes,"masterpiece, detailed illustration beautiful anime style, cinematic , gentle subsurface scattering on skin, japanese, 1girl, woman, hair intakes, three-quarter front view, slightly angled, looking at viewer, head and shoulders portrait, above shoulders, simple background, solo",hair_parts_hair_intakes
Hair Parts,パーツ,襟足(長め),Long Nape Hair,f,back,long nape hair,"masterpiece, detailed illustration beautiful anime style, cinematic , gentle subsurface scattering on skin, japanese, 1girl, woman, long nape hair, from behind, three-quarter rear view, facing away, back of head visible, head and shoulders portrait, above shoulders, simple background, solo",hair_parts_long_nape_hair
Hair Parts,パーツ,つむじ・分け目,Visible Part Line,f,front,"visible hair parting, scalp part line","masterpiece, detailed illustration beautiful anime style, cinematic , gentle subsurface scattering on skin, japanese, 1girl, woman, visible hair parting, scalp part line, three-quarter front view, slightly angled, looking at viewer, head and shoulders portrait, above shoulders, simple background, solo",hair_parts_visible_part_line
Hair Parts,パーツ,跳ね毛・アンテナ,Cowlick Strands,f,front,"cowlick, sticking up hair strands","masterpiece, detailed illustration beautiful anime style, cinematic , gentle subsurface scattering on skin, japanese, 1girl, woman, cowlick, sticking up hair strands, three-quarter front view, slightly angled, looking at viewer, head and shoulders portrait, above shoulders, simple background, solo",hair_parts_cowlick_strands
Hair Parts,パーツ,エクステ・付け毛,Hair Extensions,f,back,"long hair extensions, layered wefts","masterpiece, detailed illustration beautiful anime style, cinematic , gentle subsurface scattering on skin, japanese, 1girl, woman, long hair extensions, layered wefts, from behind, three-quarter rear view, facing away, back of head visible, head and shoulders portrait, above shoulders, simple background, solo",hair_parts_hair_extensions
Salon Trend,サロン(トレンド),韓国風くびれヘア,Korean Hush Cut,f,front,"hush cut, korean layered hair, curtain bangs","masterpiece, detailed illustration beautiful anime style, cinematic , gentle subsurface scattering on skin, japanese, 1girl, woman, hush cut, korean layered hair, curtain bangs, three-quarter front view, slightly angled, looking at viewer, head and shoulders portrait, above shoulders, simple background, solo",salon_trend_korean_hush_cut
Salon Trend,サロン(トレンド),レイヤーロブ,Layered Lob,f,front,"long bob, layered lob, textured ends","masterpiece, detailed illustration beautiful anime style, cinematic , gentle subsurface scattering on skin, japanese, 1girl, woman, long bob, layered lob, textured ends, three-quarter front view, slightly angled, looking at viewer, head and shoulders portrait, above shoulders, simple background, solo",salon_trend_layered_lob
Salon Trend,サロン(トレンド),ハンサムショート,Handsome Short,f,front,"handsome short cut, tomboy short hair","masterpiece, detailed illustration beautiful anime style, cinematic , gentle subsurface scattering on skin, japanese, 1girl, woman, handsome short cut, tomboy short hair, three-quarter front view, slightly angled, looking at viewer, head and shoulders portrait, above shoulders, simple background, solo",salon_trend_handsome_short
Salon Trend,サロン(トレンド),ニュアンスパーマ,Soft Wave Perm,f,front,"loose wave perm, soft nuance curls","masterpiece, detailed illustration beautiful anime style, cinematic , gentle subsurface scattering on skin, japanese, 1girl, woman, loose wave perm, soft nuance curls, three-quarter front view, slightly angled, looking at viewer, head and shoulders portrait, above shoulders, simple background, solo",salon_trend_soft_wave_perm
Salon Trend,サロン(トレンド),エアリーボブ,Airy Bob,f,front,"airy bob, fluffy layered bob","masterpiece, detailed illustration beautiful anime style, cinematic , gentle subsurface scattering on skin, japanese, 1girl, woman, airy bob, fluffy layered bob, three-quarter front view, slightly angled, looking at viewer, head and shoulders portrait, above shoulders, simple background, solo",salon_trend_airy_bob
Salon Trend,サロン(トレンド),インナーカラー,Inner Color Hair,f,front,"inner color hair, hidden highlight, two tone","masterpiece, detailed illustration beautiful anime style, cinematic , gentle subsurface scattering on skin, japanese, 1girl, woman, inner color hair, hidden highlight, two tone, three-quarter front view, slightly angled, looking at viewer, head and shoulders portrait, above shoulders, simple background, solo",salon_trend_inner_color_hair
Salon Trend,サロン(トレンド),イヤリングカラー,Earring Color,f,front,"earring color hair, face framing highlight","masterpiece, detailed illustration beautiful anime style, cinematic , gentle subsurface scattering on skin, japanese, 1girl, woman, earring color hair, face framing highlight, three-quarter front view, slightly angled, looking at viewer, head and shoulders portrait, above shoulders, simple background, solo",salon_trend_earring_color
Salon Trend,サロン(トレンド),グラデーションカラー,Gradient Color,f,side,"gradient hair color, ombre hair","masterpiece, detailed illustration beautiful anime style, cinematic , gentle subsurface scattering on skin, japanese, 1girl, woman, gradient hair color, ombre hair, from side, profile view, head and shoulders portrait, above shoulders, simple background, solo",salon_trend_gradient_color
Salon Trend,サロン(トレンド),ハイトーンブリーチ,Platinum Blonde,f,front,"platinum blonde hair, bleached high tone","masterpiece, detailed illustration beautiful anime style, cinematic , gentle subsurface scattering on skin, japanese, 1girl, woman, platinum blonde hair, bleached high tone, three-quarter front view, slightly angled, looking at viewer, head and shoulders portrait, above shoulders, simple background, solo",salon_trend_platinum_blonde
Salon Trend,サロン(トレンド),タッセルボブ,Tassel Bob,f,front,"tassel bob, blunt textured bob","masterpiece, detailed illustration beautiful anime style, cinematic , gentle subsurface scattering on skin, japanese, 1girl, woman, tassel bob, blunt textured bob, three-quarter front view, slightly angled, looking at viewer, head and shoulders portrait, above shoulders, simple background, solo",salon_trend_tassel_bob
Salon Trend,サロン(トレンド),ウルフロング,Long Wolf,f,front,"long wolf cut, layered mullet","masterpiece, detailed illustration beautiful anime style, cinematic , gentle subsurface scattering on skin, japanese, 1girl, woman, long wolf cut, layered mullet, three-quarter front view, slightly angled, looking at viewer, head and shoulders portrait, above shoulders, simple background, solo",salon_trend_long_wolf
Salon Trend,サロン(トレンド),ぱっつんワンレン,Blunt One-Length,f,front,"blunt one-length hair, straight long hair","masterpiece, detailed illustration beautiful anime style, cinematic , gentle subsurface scattering on skin, japanese, 1girl, woman, blunt one-length hair, straight long hair, three-quarter front view, slightly angled, looking at viewer, head and shoulders portrait, above shoulders, simple background, solo",salon_trend_blunt_one_length
Salon Men,サロン(メンズ),スパイラルパーマ,Spiral Perm (Men),m,front,"mens spiral perm, curly textured hair","masterpiece, detailed illustration beautiful anime style, cinematic , gentle subsurface scattering on skin, japanese, 1boy, man, mens spiral perm, curly textured hair, three-quarter front view, slightly angled, looking at viewer, head and shoulders portrait, above shoulders, simple background, solo",salon_men_spiral_perm_men
Salon Men,サロン(メンズ),センターパート(メンズ),Center Part (Men),m,front,"mens center part, parted fringe","masterpiece, detailed illustration beautiful anime style, cinematic , gentle subsurface scattering on skin, japanese, 1boy, man, mens center part, parted fringe, three-quarter front view, slightly angled, looking at viewer, head and shoulders portrait, above shoulders, simple background, solo",salon_men_center_part_men
Salon Men,サロン(メンズ),コンマヘア,Comma Hair,m,front,"comma hair, korean mens hairstyle, comma bangs","masterpiece, detailed illustration beautiful anime style, cinematic , gentle subsurface scattering on skin, japanese, 1boy, man, comma hair, korean mens hairstyle, comma bangs, three-quarter front view, slightly angled, looking at viewer, head and shoulders portrait, above shoulders, simple background, solo",salon_men_comma_hair
Salon Men,サロン(メンズ),ソフトモヒカン,Soft Mohawk,m,front,"soft mohawk, short faux hawk","masterpiece, detailed illustration beautiful anime style, cinematic , gentle subsurface scattering on skin, japanese, 1boy, man, soft mohawk, short faux hawk, three-quarter front view, slightly angled, looking at viewer, head and shoulders portrait, above shoulders, simple background, solo",salon_men_soft_mohawk
Salon Men,サロン(メンズ),ジェットモヒカン,Spiky Faux Hawk,m,front,"spiky faux hawk, mens spiky hair","masterpiece, detailed illustration beautiful anime style, cinematic , gentle subsurface scattering on skin, japanese, 1boy, man, spiky faux hawk, mens spiky hair, three-quarter front view, slightly angled, looking at viewer, head and shoulders portrait, above shoulders, simple background, solo",salon_men_spiky_faux_hawk
Salon Men,サロン(メンズ),ツーブロックパーマ,Undercut Perm,m,front,"mens undercut with perm, two block perm","masterpiece, detailed illustration beautiful anime style, cinematic , gentle subsurface scattering on skin, japanese, 1boy, man, mens undercut with perm, two block perm, three-quarter front view, slightly angled, looking at viewer, head and shoulders portrait, above shoulders, simple background, solo",salon_men_undercut_perm
Salon Men,サロン(メンズ),バーバースタイル,Barber Style Fade,m,side,"barber style, skin fade, side part","masterpiece, detailed illustration beautiful anime style, cinematic , gentle subsurface scattering on skin, japanese, 1boy, man, barber style, skin fade, side part, from side, profile view, head and shoulders portrait, above shoulders, simple background, solo",salon_men_barber_style_fade
Salon Men,サロン(メンズ),ナチュラルマッシュ,Natural Mash (Men),m,front,"mens natural mushroom cut, soft mash","masterpiece, detailed illustration beautiful anime style, cinematic , gentle subsurface scattering on skin, japanese, 1boy, man, mens natural mushroom cut, soft mash, three-quarter front view, slightly angled, looking at viewer, head and shoulders portrait, above shoulders, simple background, solo",salon_men_natural_mash_men
Salon Men,サロン(メンズ),アップバング,Up Bang,m,front,"up bang, swept up fringe, mens hairstyle","masterpiece, detailed illustration beautiful anime style, cinematic , gentle subsurface scattering on skin, japanese, 1boy, man, up bang, swept up fringe, mens hairstyle, three-quarter front view, slightly angled, looking at viewer, head and shoulders portrait, above shoulders, simple background, solo",salon_men_up_bang
Salon Men,サロン(メンズ),ビジネスショート,Business Short,m,front,"mens business short hair, clean cut","masterpiece, detailed illustration beautiful anime style, cinematic , gentle subsurface scattering on skin, japanese, 1boy, man, mens business short hair, clean cut, three-quarter front view, slightly angled, looking at viewer, head and shoulders portrait, above shoulders, simple background, solo",salon_men_business_short
Salon Men,サロン(メンズ),マンバン,Man Bun,m,back,"man bun, tied back mens long hair","masterpiece, detailed illustration beautiful anime style, cinematic , gentle subsurface scattering on skin, japanese, 1boy, man, man bun, tied back mens long hair, from behind, three-quarter rear view, facing away, back of head visible, head and shoulders portrait, above shoulders, simple background, solo",salon_men_man_bun
Salon Men,サロン(メンズ),坊主・スキンヘッド,Shaved Head,m,front,"shaved head, bald, skinhead","masterpiece, detailed illustration beautiful anime style, cinematic , gentle subsurface scattering on skin, japanese, 1boy, man, shaved head, bald, skinhead, three-quarter front view, slightly angled, looking at viewer, head and shoulders portrait, above shoulders, simple background, solo",salon_men_shaved_head
Occupation,職業・転身,軍人(刈り上げ),Military High and Tight,m,front,"military haircut, high and tight, buzzed sides","masterpiece, detailed illustration beautiful anime style, cinematic , gentle subsurface scattering on skin, japanese, 1boy, man, military haircut, high and tight, buzzed sides, three-quarter front view, slightly angled, looking at viewer, head and shoulders portrait, above shoulders, simple background, solo",occupation_military_high_and_tight
Occupation,職業・転身,僧侶(剃髪),Monk Shaved Head,m,front,"buddhist monk, shaved head, bald","masterpiece, detailed illustration beautiful anime style, cinematic , gentle subsurface scattering on skin, japanese, 1boy, man, buddhist monk, shaved head, bald, three-quarter front view, slightly angled, looking at viewer, head and shoulders portrait, above shoulders, simple background, solo",occupation_monk_shaved_head
Occupation,職業・転身,力士(大銀杏),Sumo Oicho Topknot,m,back,"sumo wrestler oicho topknot, ginkgo leaf chonmage","masterpiece, detailed illustration beautiful anime style, cinematic , gentle subsurface scattering on skin, japanese, 1boy, man, sumo wrestler oicho topknot, ginkgo leaf chonmage, from behind, three-quarter rear view, facing away, back of head visible, head and shoulders portrait, above shoulders, simple background, solo",occupation_sumo_oicho_topknot
Occupation,職業・転身,メイド(シニヨン),Maid Bun,f,back,"maid hairstyle, neat low bun, headdress","masterpiece, detailed illustration beautiful anime style, cinematic , gentle subsurface scattering on skin, japanese, 1girl, woman, maid hairstyle, neat low bun, headdress, from behind, three-quarter rear view, facing away, back of head visible, head and shoulders portrait, above shoulders, simple background, solo",occupation_maid_bun
Occupation,職業・転身,ナース(まとめ髪),Nurse Tied Hair,f,back,"nurse tied back hair, neat ponytail","masterpiece, detailed illustration beautiful anime style, cinematic , gentle subsurface scattering on skin, japanese, 1girl, woman, nurse tied back hair, neat ponytail, from behind, three-quarter rear view, facing away, back of head visible, head and shoulders portrait, above shoulders, simple background, solo",occupation_nurse_tied_hair
Occupation,職業・転身,バレリーナ(シニヨン),Ballerina Bun,f,back,"ballerina bun, sleek classical bun","masterpiece, detailed illustration beautiful anime style, cinematic , gentle subsurface scattering on skin, japanese, 1girl, woman, ballerina bun, sleek classical bun, from behind, three-quarter rear view, facing away, back of head visible, head and shoulders portrait, above shoulders, simple background, solo",occupation_ballerina_bun
Occupation,職業・転身,シェフ(ネット),Chef Hair Net,f,back,"chef hair under net, tucked hair","masterpiece, detailed illustration beautiful anime style, cinematic , gentle subsurface scattering on skin, japanese, 1girl, woman, chef hair under net, tucked hair, from behind, three-quarter rear view, facing away, back of head visible, head and shoulders portrait, above shoulders, simple background, solo",occupation_chef_hair_net
Occupation,職業・転身,巫女(垂髪),Miko Tied Hair,f,back,"shrine maiden hairstyle, low tied long black hair, mizuhiki","masterpiece, detailed illustration beautiful anime style, cinematic , gentle subsurface scattering on skin, japanese, 1girl, woman, shrine maiden hairstyle, low tied long black hair, mizuhiki, from behind, three-quarter rear view, facing away, back of head visible, head and shoulders portrait, above shoulders, simple background, solo",occupation_miko_tied_hair
Occupation,職業・転身,執事(撫でつけ),Butler Slicked Hair,m,front,"butler slicked back hair, neat formal","masterpiece, detailed illustration beautiful anime style, cinematic , gentle subsurface scattering on skin, japanese, 1boy, man, butler slicked back hair, neat formal, three-quarter front view, slightly angled, looking at viewer, head and shoulders portrait, above shoulders, simple background, solo",occupation_butler_slicked_hair
Occupation,職業・転身,パンク(モヒカン),Punk Mohawk,m,side,"punk tall mohawk, dyed spikes","masterpiece, detailed illustration beautiful anime style, cinematic , gentle subsurface scattering on skin, japanese, 1boy, man, punk tall mohawk, dyed spikes, from side, profile view, head and shoulders portrait, above shoulders, simple background, solo",occupation_punk_mohawk
Period Japanese,時代物(和),ちょんまげ(武士),Samurai Chonmage,m,side,"samurai chonmage topknot, edo period","masterpiece, detailed illustration beautiful anime style, cinematic , gentle subsurface scattering on skin, japanese, 1boy, man, samurai chonmage topknot, edo period, from side, profile view, head and shoulders portrait, above shoulders, simple background, solo",period_japanese_samurai_chonmage
Period Japanese,時代物(和),総髪,Sohatsu Tied Hair,m,back,"sohatsu, ronin tied back long hair, edo period","masterpiece, detailed illustration beautiful anime style, cinematic , gentle subsurface scattering on skin, japanese, 1boy, man, sohatsu, ronin tied back long hair, edo period, from behind, three-quarter rear view, facing away, back of head visible, head and shoulders portrait, above shoulders, simple background, solo",period_japanese_sohatsu_tied_hair
Period Japanese,時代物(和),島田髷,Shimada Mage,f,back,"shimada mage, traditional japanese updo, geisha","masterpiece, detailed illustration beautiful anime style, cinematic , gentle subsurface scattering on skin, japanese, 1girl, woman, shimada mage, traditional japanese updo, geisha, from behind, three-quarter rear view, facing away, back of head visible, head and shoulders portrait, above shoulders, simple background, solo",period_japanese_shimada_mage
Period Japanese,時代物(和),桃割れ,Momoware,f,back,"momoware, young woman traditional japanese hairstyle","masterpiece, detailed illustration beautiful anime style, cinematic , gentle subsurface scattering on skin, japanese, 1girl, woman, momoware, young woman traditional japanese hairstyle, from behind, three-quarter rear view, facing away, back of head visible, head and shoulders portrait, above shoulders, simple background, solo",period_japanese_momoware
Period Japanese,時代物(和),丸髷,Marumage,f,back,"marumage, married woman traditional updo","masterpiece, detailed illustration beautiful anime style, cinematic , gentle subsurface scattering on skin, japanese, 1girl, woman, marumage, married woman traditional updo, from behind, three-quarter rear view, facing away, back of head visible, head and shoulders portrait, above shoulders, simple background, solo",period_japanese_marumage
Period Japanese,時代物(和),おかっぱ(大正),Taisho Bob,f,front,"taisho era bob, blunt black bob","masterpiece, detailed illustration beautiful anime style, cinematic , gentle subsurface scattering on skin, japanese, 1girl, woman, taisho era bob, blunt black bob, three-quarter front view, slightly angled, looking at viewer, head and shoulders portrait, above shoulders, simple background, solo",period_japanese_taisho_bob
Period Japanese,時代物(和),稚児髷,Chigo Mage,f,front,"chigo hairstyle, child traditional japanese style","masterpiece, detailed illustration beautiful anime style, cinematic , gentle subsurface scattering on skin, japanese, 1girl, woman, chigo hairstyle, child traditional japanese style, three-quarter front view, slightly angled, looking at viewer, head and shoulders portrait, above shoulders, simple background, solo",period_japanese_chigo_mage
Period Japanese,時代物(和),垂髪(平安),Heian Suihatsu,f,back,"heian period long straight hair, suberakashi","masterpiece, detailed illustration beautiful anime style, cinematic , gentle subsurface scattering on skin, japanese, 1girl, woman, heian period long straight hair, suberakashi, from behind, three-quarter rear view, facing away, back of head visible, head and shoulders portrait, above shoulders, simple background, solo",period_japanese_heian_suihatsu
Period Western,時代物(洋),ポンパドゥール(貴族),Baroque Pompadour,f,front,"baroque high pompadour, rococo powdered hair","masterpiece, detailed illustration beautiful anime style, cinematic , gentle subsurface scattering on skin, japanese, 1girl, woman, baroque high pompadour, rococo powdered hair, three-quarter front view, slightly angled, looking at viewer, head and shoulders portrait, above shoulders, simple background, solo",period_western_baroque_pompadour
Period Western,時代物(洋),リングレット(ビクトリア),Victorian Ringlets,f,front,"victorian ringlets, sausage curls","masterpiece, detailed illustration beautiful anime style, cinematic , gentle subsurface scattering on skin, japanese, 1girl, woman, victorian ringlets, sausage curls, three-quarter front view, slightly angled, looking at viewer, head and shoulders portrait, above shoulders, simple background, solo",period_western_victorian_ringlets
Period Western,時代物(洋),フィンガーウェーブ,Finger Wave,f,front,"1920s finger wave, marcel wave bob","masterpiece, detailed illustration beautiful anime style, cinematic , gentle subsurface scattering on skin, japanese, 1girl, woman, 1920s finger wave, marcel wave bob, three-quarter front view, slightly angled, looking at viewer, head and shoulders portrait, above shoulders, simple background, solo",period_western_finger_wave
Period Western,時代物(洋),ビクトリーロール,Victory Rolls,f,front,"1940s victory rolls, pin up hairstyle","masterpiece, detailed illustration beautiful anime style, cinematic , gentle subsurface scattering on skin, japanese, 1girl, woman, 1940s victory rolls, pin up hairstyle, three-quarter front view, slightly angled, looking at viewer, head and shoulders portrait, above shoulders, simple background, solo",period_western_victory_rolls
Period Western,時代物(洋),ビーハイブ,Beehive,f,front,"1960s beehive hairstyle, tall teased updo","masterpiece, detailed illustration beautiful anime style, cinematic , gentle subsurface scattering on skin, japanese, 1girl, woman, 1960s beehive hairstyle, tall teased updo, three-quarter front view, slightly angled, looking at viewer, head and shoulders portrait, above shoulders, simple background, solo",period_western_beehive
Period Western,時代物(洋),アフロ(70s),Afro,any,front,"70s afro hairstyle, round natural curls","masterpiece, detailed illustration beautiful anime style, cinematic , gentle subsurface scattering on skin, japanese, 1girl, woman, 70s afro hairstyle, round natural curls, three-quarter front view, slightly angled, looking at viewer, head and shoulders portrait, above shoulders, simple background, solo",period_western_afro
Period Western,時代物(洋),パウダーウィッグ,Powdered Wig,m,front,"18th century powdered wig, aristocrat","masterpiece, detailed illustration beautiful anime style, cinematic , gentle subsurface scattering on skin, japanese, 1boy, man, 18th century powdered wig, aristocrat, three-quarter front view, slightly angled, looking at viewer, head and shoulders portrait, above shoulders, simple background, solo",period_western_powdered_wig
Period Western,時代物(洋),騎士(ボウルカット),Medieval Bowl Cut,m,front,"medieval bowl cut, knight hairstyle","masterpiece, detailed illustration beautiful anime style, cinematic , gentle subsurface scattering on skin, japanese, 1boy, man, medieval bowl cut, knight hairstyle, three-quarter front view, slightly angled, looking at viewer, head and shoulders portrait, above shoulders, simple background, solo",period_western_medieval_bowl_cut
Fantasy,創作・ファンタジー,エルフ(長髪+編み込み),Elf Braided Long,f,front,"elf long hair with side braids, fantasy","masterpiece, detailed illustration beautiful anime style, cinematic , gentle subsurface scattering on skin, japanese, 1girl, woman, elf long hair with side braids, fantasy, three-quarter front view, slightly angled, looking at viewer, head and shoulders portrait, above shoulders, simple background, solo",fantasy_elf_braided_long
Fantasy,創作・ファンタジー,姫(ティアラ編み),Princess Tiara Braid,f,front,"princess hairstyle, crown braid with tiara","masterpiece, detailed illustration beautiful anime style, cinematic , gentle subsurface scattering on skin, japanese, 1girl, woman, princess hairstyle, crown braid with tiara, three-quarter front view, slightly angled, looking at viewer, head and shoulders portrait, above shoulders, simple background, solo",fantasy_princess_tiara_braid
Fantasy,創作・ファンタジー,魔女(ロングウェーブ),Witch Long Wave,f,side,"witch long wavy hair, dark fantasy","masterpiece, detailed illustration beautiful anime style, cinematic , gentle subsurface scattering on skin, japanese, 1girl, woman, witch long wavy hair, dark fantasy, from side, profile view, head and shoulders portrait, above shoulders, simple background, solo",fantasy_witch_long_wave
Fantasy,創作・ファンタジー,戦士(ハーフアップ結び),Warrior Half-Up,m,front,"warrior half up tied hair, fantasy fighter","masterpiece, detailed illustration beautiful anime style, cinematic , gentle subsurface scattering on skin, japanese, 1boy, man, warrior half up tied hair, fantasy fighter, three-quarter front view, slightly angled, looking at viewer, head and shoulders portrait, above shoulders, simple background, solo",fantasy_warrior_half_up
Fantasy,創作・ファンタジー,海賊(バンダナ束ね),Pirate Bandana Hair,m,front,"pirate hairstyle, bandana, rough tied hair","masterpiece, detailed illustration beautiful anime style, cinematic , gentle subsurface scattering on skin, japanese, 1boy, man, pirate hairstyle, bandana, rough tied hair, three-quarter front view, slightly angled, looking at viewer, head and shoulders portrait, above shoulders, simple background, solo",fantasy_pirate_bandana_hair
Fantasy,創作・ファンタジー,獣耳(ケモミミ),Beast Ears Hair,f,front,"animal ears, kemonomimi, fluffy hair","masterpiece, detailed illustration beautiful anime style, cinematic , gentle subsurface scattering on skin, japanese, 1girl, woman, animal ears, kemonomimi, fluffy hair, three-quarter front view, slightly angled, looking at viewer, head and shoulders portrait, above shoulders, simple background, solo",fantasy_beast_ears_hair
Fantasy,創作・ファンタジー,ドリル縦ロール(令嬢),Ojou Drill Curls,f,front,"ojou-sama drill curls, ringlet twin curls","masterpiece, detailed illustration beautiful anime style, cinematic , gentle subsurface scattering on skin, japanese, 1girl, woman, ojou-sama drill curls, ringlet twin curls, three-quarter front view, slightly angled, looking at viewer, head and shoulders portrait, above shoulders, simple background, solo",fantasy_ojou_drill_curls
Fantasy,創作・ファンタジー,サイバーパンク(刈り上げ染め),Cyberpunk Undercut,any,side,"cyberpunk neon dyed undercut, shaved pattern","masterpiece, detailed illustration beautiful anime style, cinematic , gentle subsurface scattering on skin, japanese, 1girl, woman, cyberpunk neon dyed undercut, shaved pattern, from side, profile view, head and shoulders portrait, above shoulders, simple background, solo",fantasy_cyberpunk_undercut
Fantasy,創作・ファンタジー,天使(ふわふわ金髪),Angelic Blonde,f,front,"angelic fluffy blonde hair, halo, soft glow","masterpiece, detailed illustration beautiful anime style, cinematic , gentle subsurface scattering on skin, japanese, 1girl, woman, angelic fluffy blonde hair, halo, soft glow, three-quarter front view, slightly angled, looking at viewer, head and shoulders portrait, above shoulders, simple background, solo",fantasy_angelic_blonde
Fantasy,創作・ファンタジー,龍人(角+長髪),Dragonkin Horned Hair,any,front,"dragon horns with long flowing hair, fantasy","masterpiece, detailed illustration beautiful anime style, cinematic , gentle subsurface scattering on skin, japanese, 1girl, woman, dragon horns with long flowing hair, fantasy, three-quarter front view, slightly angled, looking at viewer, head and shoulders portrait, above shoulders, simple background, solo",fantasy_dragonkin_horned_hair
Hair Color,髪色,黒髪,Black Hair,f,front,black hair,"masterpiece, detailed illustration beautiful anime style, cinematic , gentle subsurface scattering on skin, japanese, 1girl, woman, medium hair, black hair, three-quarter front view, slightly angled, looking at viewer, head and shoulders portrait, above shoulders, simple background, solo",hair_color_black_hair
Hair Color,髪色,ダークブラウン,Dark Brown Hair,f,front,dark brown hair,"masterpiece, detailed illustration beautiful anime style, cinematic , gentle subsurface scattering on skin, japanese, 1girl, woman, medium hair, dark brown hair, three-quarter front view, slightly angled, looking at viewer, head and shoulders portrait, above shoulders, simple background, solo",hair_color_dark_brown_hair
Hair Color,髪色,ブラウン,Brown Hair,f,front,brown hair,"masterpiece, detailed illustration beautiful anime style, cinematic , gentle subsurface scattering on skin, japanese, 1girl, woman, medium hair, brown hair, three-quarter front view, slightly angled, looking at viewer, head and shoulders portrait, above shoulders, simple background, solo",hair_color_brown_hair
Hair Color,髪色,栗色,Chestnut Hair,f,front,chestnut brown hair,"masterpiece, detailed illustration beautiful anime style, cinematic , gentle subsurface scattering on skin, japanese, 1girl, woman, medium hair, chestnut brown hair, three-quarter front view, slightly angled, looking at viewer, head and shoulders portrait, above shoulders, simple background, solo",hair_color_chestnut_hair
Hair Color,髪色,アッシュブラウン,Ash Brown Hair,f,front,ash brown hair,"masterpiece, detailed illustration beautiful anime style, cinematic , gentle subsurface scattering on skin, japanese, 1girl, woman, medium hair, ash brown hair, three-quarter front view, slightly angled, looking at viewer, head and shoulders portrait, above shoulders, simple background, solo",hair_color_ash_brown_hair
Hair Color,髪色,ブロンド,Blonde Hair,f,front,blonde hair,"masterpiece, detailed illustration beautiful anime style, cinematic , gentle subsurface scattering on skin, japanese, 1girl, woman, medium hair, blonde hair, three-quarter front view, slightly angled, looking at viewer, head and shoulders portrait, above shoulders, simple background, solo",hair_color_blonde_hair
Hair Color,髪色,プラチナブロンド,Platinum Blonde Hair,f,front,platinum blonde hair,"masterpiece, detailed illustration beautiful anime style, cinematic , gentle subsurface scattering on skin, japanese, 1girl, woman, medium hair, platinum blonde hair, three-quarter front view, slightly angled, looking at viewer, head and shoulders portrait, above shoulders, simple background, solo",hair_color_platinum_blonde_hair
Hair Color,髪色,赤毛,Red Hair,f,front,red hair,"masterpiece, detailed illustration beautiful anime style, cinematic , gentle subsurface scattering on skin, japanese, 1girl, woman, medium hair, red hair, three-quarter front view, slightly angled, looking at viewer, head and shoulders portrait, above shoulders, simple background, solo",hair_color_red_hair
Hair Color,髪色,オレンジ,Orange Hair,f,front,orange hair,"masterpiece, detailed illustration beautiful anime style, cinematic , gentle subsurface scattering on skin, japanese, 1girl, woman, medium hair, orange hair, three-quarter front view, slightly angled, looking at viewer, head and shoulders portrait, above shoulders, simple background, solo",hair_color_orange_hair
Hair Color,髪色,ピンク,Pink Hair,f,front,pink hair,"masterpiece, detailed illustration beautiful anime style, cinematic , gentle subsurface scattering on skin, japanese, 1girl, woman, medium hair, pink hair, three-quarter front view, slightly angled, looking at viewer, head and shoulders portrait, above shoulders, simple background, solo",hair_color_pink_hair
Hair Color,髪色,青,Blue Hair,f,front,blue hair,"masterpiece, detailed illustration beautiful anime style, cinematic , gentle subsurface scattering on skin, japanese, 1girl, woman, medium hair, blue hair, three-quarter front view, slightly angled, looking at viewer, head and shoulders portrait, above shoulders, simple background, solo",hair_color_blue_hair
Hair Color,髪色,水色,Light Blue Hair,f,front,light blue hair,"masterpiece, detailed illustration beautiful anime style, cinematic , gentle subsurface scattering on skin, japanese, 1girl, woman, medium hair, light blue hair, three-quarter front view, slightly angled, looking at viewer, head and shoulders portrait, above shoulders, simple background, solo",hair_color_light_blue_hair
Hair Color,髪色,緑,Green Hair,f,front,green hair,"masterpiece, detailed illustration beautiful anime style, cinematic , gentle subsurface scattering on skin, japanese, 1girl, woman, medium hair, green hair, three-quarter front view, slightly angled, looking at viewer, head and shoulders portrait, above shoulders, simple background, solo",hair_color_green_hair
Hair Color,髪色,紫,Purple Hair,f,front,purple hair,"masterpiece, detailed illustration beautiful anime style, cinematic , gentle subsurface scattering on skin, japanese, 1girl, woman, medium hair, purple hair, three-quarter front view, slightly angled, looking at viewer, head and shoulders portrait, above shoulders, simple background, solo",hair_color_purple_hair
Hair Color,髪色,白髪,White Hair,f,front,white hair,"masterpiece, detailed illustration beautiful anime style, cinematic , gentle subsurface scattering on skin, japanese, 1girl, woman, medium hair, white hair, three-quarter front view, slightly angled, looking at viewer, head and shoulders portrait, above shoulders, simple background, solo",hair_color_white_hair
Hair Color,髪色,シルバー,Silver Hair,f,front,silver hair,"masterpiece, detailed illustration beautiful anime style, cinematic , gentle subsurface scattering on skin, japanese, 1girl, woman, medium hair, silver hair, three-quarter front view, slightly angled, looking at viewer, head and shoulders portrait, above shoulders, simple background, solo",hair_color_silver_hair
Hair Color,髪色,グレー,Grey Hair,f,front,grey hair,"masterpiece, detailed illustration beautiful anime style, cinematic , gentle subsurface scattering on skin, japanese, 1girl, woman, medium hair, grey hair, three-quarter front view, slightly angled, looking at viewer, head and shoulders portrait, above shoulders, simple background, solo",hair_color_grey_hair
Hair Color,髪色,グラデーション,Gradient Hair,f,front,"gradient hair, two tone hair","masterpiece, detailed illustration beautiful anime style, cinematic , gentle subsurface scattering on skin, japanese, 1girl, woman, medium hair, gradient hair, two tone hair, three-quarter front view, slightly angled, looking at viewer, head and shoulders portrait, above shoulders, simple background, solo",hair_color_gradient_hair
Hair Color,髪色,メッシュ,Highlighted Hair,f,front,"streaked hair, highlights","masterpiece, detailed illustration beautiful anime style, cinematic , gentle subsurface scattering on skin, japanese, 1girl, woman, medium hair, streaked hair, highlights, three-quarter front view, slightly angled, looking at viewer, head and shoulders portrait, above shoulders, simple background, solo",hair_color_highlighted_hair
Hair Color,髪色,インナーカラー,Inner Color,f,front,"inner color hair, hidden color","masterpiece, detailed illustration beautiful anime style, cinematic , gentle subsurface scattering on skin, japanese, 1girl, woman, medium hair, inner color hair, hidden color, three-quarter front view, slightly angled, looking at viewer, head and shoulders portrait, above shoulders, simple background, solo",hair_color_inner_color
Hair Color,髪色,亜麻色,Flaxen Hair,f,front,"flaxen hair, light golden brown hair","masterpiece, detailed illustration beautiful anime style, cinematic , gentle subsurface scattering on skin, japanese, 1girl, woman, medium hair, flaxen hair, light golden brown hair, three-quarter front view, slightly angled, looking at viewer, head and shoulders portrait, above shoulders, simple background, solo",hair_color_flaxen_hair
Hair Color,髪色,ネイビー,Navy Blue Hair,f,front,"navy blue hair, dark blue","masterpiece, detailed illustration beautiful anime style, cinematic , gentle subsurface scattering on skin, japanese, 1girl, woman, medium hair, navy blue hair, dark blue, three-quarter front view, slightly angled, looking at viewer, head and shoulders portrait, above shoulders, simple background, solo",hair_color_navy_blue_hair
Hair Color,髪色,ターコイズ,Turquoise Hair,f,front,"turquoise hair, teal","masterpiece, detailed illustration beautiful anime style, cinematic , gentle subsurface scattering on skin, japanese, 1girl, woman, medium hair, turquoise hair, teal, three-quarter front view, slightly angled, looking at viewer, head and shoulders portrait, above shoulders, simple background, solo",hair_color_turquoise_hair
Hair Color,髪色,ラベンダー,Lavender Hair,f,front,"lavender hair, pastel purple","masterpiece, detailed illustration beautiful anime style, cinematic , gentle subsurface scattering on skin, japanese, 1girl, woman, medium hair, lavender hair, pastel purple, three-quarter front view, slightly angled, looking at viewer, head and shoulders portrait, above shoulders, simple background, solo",hair_color_lavender_hair
Hair Color,髪色,ミントグリーン,Mint Green Hair,f,front,"mint green hair, pastel green","masterpiece, detailed illustration beautiful anime style, cinematic , gentle subsurface scattering on skin, japanese, 1girl, woman, medium hair, mint green hair, pastel green, three-quarter front view, slightly angled, looking at viewer, head and shoulders portrait, above shoulders, simple background, solo",hair_color_mint_green_hair
Hair Color,髪色,レインボー,Rainbow Hair,f,front,"rainbow hair, multicolored","masterpiece, detailed illustration beautiful anime style, cinematic , gentle subsurface scattering on skin, japanese, 1girl, woman, medium hair, rainbow hair, multicolored, three-quarter front view, slightly angled, looking at viewer, head and shoulders portrait, above shoulders, simple background, solo",hair_color_rainbow_hair
Hair Color,髪色,金髪メッシュ,Blonde Highlights,f,front,brown hair with blonde highlights,"masterpiece, detailed illustration beautiful anime style, cinematic , gentle subsurface scattering on skin, japanese, 1girl, woman, medium hair, brown hair with blonde highlights, three-quarter front view, slightly angled, looking at viewer, head and shoulders portrait, above shoulders, simple background, solo",hair_color_blonde_highlights
